distribution,mean,std,sample_size,mean_error,std_error
normal,0.0005780660904866275,0.9999930994422417,10000000,0.0005780660904866275,6.900557758315884e-06
uniform,-6.570333701427257e-05,0.577372311871125,10000000,6.570333701427257e-05,0.5773502691896258
